[
  {
    "title": "SQL Injection - CWE-89",
    "content": "SQL Injection remains one of the oldest cataloged vulnerabilities...",
    "src": "src/1/1.html"
  },
  {
    "title": "Title 1",
    "content": "Content 1",
    "src": "src/1/1.html"
  },
  {
    "title": "Title 2",
    "content": "Content 2",
    "src": "src/1/1.html"
  },
  {
    "title": "Title 3",
    "content": "Content 3",
    "src": "src/1/1.html"
  },
  {
    "title": "Title 4",
    "content": "Content 4",
    "src": "src/1/1.html"
  },
  {
    "title": "Title 5",
    "content": "Content 5",
    "src": "src/1/1.html"
  },
  {
    "title": "Title 6",
    "content": "Content 6",
    "src": "src/1/1.html"
  },
  {
    "title": "Title 7",
    "content": "Content 7",
    "src": "src/1/1.html"
  },
  {
    "title": "Title 8",
    "content": "Content 8",
    "src": "src/1/1.html"
  },
  {
    "title": "Title 9",
    "content": "Content 9",
    "src": "src/1/1.html"
  },
  {
    "title": "Title 10",
    "content": "Content 10",
    "src": "src/1/1.html"
  },
  {
    "title": "Title 11",
    "content": "Content 11",
    "src": "src/1/1.html"
  },
  {
    "title": "Title 12",
    "content": "Content 12",
    "src": "src/1/1.html"
  },
  {
    "title": "Title 1",
    "content": "Content 1",
    "src": "src/1/1.html"
  },
  {
    "title": "Title 1",
    "content": "Content 1",
    "src": "src/1/1.html"
  },
  {
    "title": "Title 1",
    "content": "Content 1",
    "src": "src/1/1.html"
  },
  {
    "title": "Title 1",
    "content": "Content 1",
    "src": "src/1/1.html"
  },
  {
    "title": "Title 1",
    "content": "Content 1",
    "src": "src/1/1.html"
  },
  {
    "title": "Title 1",
    "content": "Content 1",
    "src": "src/1/1.html"
  },
  {
    "title": "Title 1",
    "content": "Content 1",
    "src": "src/1/1.html"
  }
]