[
  {
    "title": "SQL Injection - CWE-89",
    "content": "SQL Injection remains one of the oldest cataloged vulnerabilities...",
    "src": "src/sql.html"
  },
  {
    "title": "OWASP Mobile Top 10",
    "content": "Mobile Top 10 2024: Final Release Updates",
    "src": "src/owasp.html"
  },
  {
    "title": "M1: Improper Credential Usage",
    "content": "Threat agents exploiting hardcoded credentials and improper credential usage in mobile applications can include automated attacks using publicly available or custom-built tools. Such agents could potentially locate and exploit hardcoded credentials or exploit weaknesses due to improper credential usage.",
    "src": "src/owasp-1.html"
  },
  {
    "title": "M2: Inadequate Supply Chain Security",
    "content": "An attacker can manipulate application functionality by exploiting vulnerabilities in the mobile app supply chain. For example, an attacker can insert malicious code into the mobile app’s codebase or modify the code during the build process to introduce backdoors, spyware, or other malicious code.",
    "src": "src/owasp-2.html"
  },
  {
    "title": "M3: Insecure Authentication/Authorization",
    "content": "Threat agents that exploit authentication and authorization vulnerabilities typically do so through automated attacks that use available or custom-built tools.",
    "src": "src/owasp-3.html"
  },
  {
    "title": "M4: Insufficient Input/Output Validation",
    "content": "Insufficient validation and sanitization of data from external sources, such as user inputs or network data, in a mobile application can introduce severe security vulnerabilities. Mobile apps that fail to properly validate and sanitize such data are at risk of being exploited through attacks specific to mobile environments, including SQL injection, Command Injection, and cross-site scripting (XSS) attacks.",
    "src": "src/owasp-4.html"
  },
  {
    "title": "M5: Insecure Communication",
    "content": "Most modern mobile applications exchange data with one or more remote servers. When the data transmission takes place, it typically goes through the mobile device’s carrier network and the internet, a threat agent listening on the wire can inter",
    "src": "src/owasp-5.html"
  },
  {
    "title": "M6: Inadequate Privacy Controls",
    "content": "Privacy controls are concerned with protecting Personally Identifiable Information (PII), e.g., names and addresses, credit card in",
    "src": "src/owasp-6.html"
  },
  {
    "title": "M7: Insufficient Binary Protection",
    "content": "Attackers who target app binaries are motivated by various reasons.",
    "src": "src/owasp-7.html"
  },
  {
    "title": "M8: Security Misconfiguration",
    "content": "Security misconfiguration in mobile apps refers to the improper configuration of security settings, permissions, and controls that can lead to vulnerabilities and unaut",
    "src": "src/owasp-8.html"
  },
  {
    "title": "M9: Insecure Data Storage",
    "content": "Insecure data storage in a mobile application can attract various threat agents who aim to exploit the vulnerabilities and gain unauthorised access to sensitive informat",
    "src": "src/owasp-9.html"
  },
  {
    "title": "M10: Insufficient Cryptography",
    "content": "Threat agents who exploit insecure cryptography in mobile applications can undermine the confidentiality, integrity, and authenticity of sensitive information. These threat agent",
    "src": "src/owasp-10.html"
  }
]